-- Data for Kit_Stems table
INSERT INTO Kit_Stems (attribute, status) VALUES
('Attribute 1', 1),
('Attribute 2', 1),
('Attribute 3', 1),
('Attribute 4', 1),
('Attribute 5', 1),
('Attribute 6', 1),
('Attribute 7', 1),
('Attribute 8', 1),
('Attribute 9', 1),
('Attribute 10', 1),
('Attribute 11', 1),
('Attribute 12', 1),
('Attribute 13', 1),
('Attribute 14', 1),
('Attribute 15', 1),
('Attribute 16', 1),
('Attribute 17', 1),
('Attribute 18', 1),
('Attribute 19', 1),
('Attribute 20', 1);

-- Data for Users table with roles: 1 manager, 3 staff, 16 customers
INSERT INTO Users (name, phone, email, password, username, role, description, DOB, status) VALUES
('Manager 1', '0123456789', 'manager@example.com', 'password1', 'manager1', 1, 'Description Manager', '1985-01-01', 1),
('Staff 1', '0123456789', 'staff1@example.com', 'password2', 'staff1', 2, 'Description Staff 1', '1990-01-01', 1),
('Staff 2', '0123456789', 'staff2@example.com', 'password3', 'staff2', 2, 'Description Staff 2', '1991-01-01', 1),
('Staff 3', '0123456789', 'staff3@example.com', 'password4', 'staff3', 2, 'Description Staff 3', '1992-01-01', 1),
('User 1', '0123456789', 'user1@example.com', 'password5', 'user1', 3, 'Description 1', '1993-01-01', 1),
('User 2', '0123456789', 'user2@example.com', 'password6', 'user2', 3, 'Description 2', '1994-01-01', 1),
('User 3', '0123456789', 'user3@example.com', 'password7', 'user3', 3, 'Description 3', '1995-01-01', 1),
('User 4', '0123456789', 'user4@example.com', 'password8', 'user4', 3, 'Description 4', '1996-01-01', 1),
('User 5', '0123456789', 'user5@example.com', 'password9', 'user5', 3, 'Description 5', '1997-01-01', 1),
('User 6', '0123456789', 'user6@example.com', 'password10', 'user6', 3, 'Description 6', '1998-01-01', 1),
('User 7', '0123456789', 'user7@example.com', 'password11', 'user7', 3, 'Description 7', '1999-01-01', 1),
('User 8', '0123456789', 'user8@example.com', 'password12', 'user8', 3, 'Description 8', '2000-01-01', 1),
('User 9', '0123456789', 'user9@example.com', 'password13', 'user9', 3, 'Description 9', '2001-01-01', 1),
('User 10', '0123456789', 'user10@example.com', 'password14', 'user10', 3, 'Description 10', '2002-01-01', 1),
('User 11', '0123456789', 'user11@example.com', 'password15', 'user11', 3, 'Description 11', '2003-01-01', 1),
('User 12', '0123456789', 'user12@example.com', 'password16', 'user12', 3, 'Description 12', '2004-01-01', 1),
('User 13', '0123456789', 'user13@example.com', 'password17', 'user13', 3, 'Description 13', '2005-01-01', 1),
('User 14', '0123456789', 'user14@example.com', 'password18', 'user14', 3, 'Description 14', '2006-01-01', 1),
('User 15', '0123456789', 'user15@example.com', 'password19', 'user15', 3, 'Description 15', '2007-01-01', 1),
('User 16', '0123456789', 'user16@example.com', 'password20', 'user16', 3, 'Description 16', '2008-01-01', 1),
('User 17', '0123456789', 'user17@example.com', 'password21', 'user17', 3, 'Description 17', '2009-01-01', 1),
('User 18', '0123456789', 'user18@example.com', 'password22', 'user18', 3, 'Description 18', '2010-01-01', 1),
('User 19', '0123456789', 'user19@example.com', 'password23', 'user19', 3, 'Description 19', '2011-01-01', 1),
('User 20', '0123456789', 'user20@example.com', 'password24', 'user20', 3, 'Description 20', '2012-01-01', 1);

-- Data for Labs table
INSERT INTO Labs (kit_id, description) VALUES
(1, 'Lab Description 1'),
(2, 'Lab Description 2'),
(3, 'Lab Description 3'),
(4, 'Lab Description 4'),
(5, 'Lab Description 5'),
(6, 'Lab Description 6'),
(7, 'Lab Description 7'),
(8, 'Lab Description 8'),
(9, 'Lab Description 9'),
(10, 'Lab Description 10'),
(11, 'Lab Description 11'),
(12, 'Lab Description 12'),
(13, 'Lab Description 13'),
(14, 'Lab Description 14'),
(15, 'Lab Description 15'),
(16, 'Lab Description 16'),
(17, 'Lab Description 17'),
(18, 'Lab Description 18'),
(19, 'Lab Description 19'),
(20, 'Lab Description 20');

-- Data for Cart_Items table
INSERT INTO Cart_Items (user_id, kit_id, quantity) VALUES
(1, 1, 2),
(2, 2, 3),
(3, 3, 1),
(4, 4, 5),
(5, 5, 2),
(6, 6, 4),
(7, 7, 3),
(8, 8, 1),
(9, 9, 2),
(10, 10, 1),
(11, 11, 3),
(12, 12, 2),
(13, 13, 4),
(14, 14, 1),
(15, 15, 5),
(16, 16, 2),
(17, 17, 3),
(18, 18, 1),
(19, 19, 4),
(20, 20, 2);

-- Data for Favorites table
INSERT INTO Favorites (user_id, kit_id) VALUES
(1, 1),
(2, 2),
(3, 3),
(4, 4),
(5, 5),
(6, 6),
(7, 7),
(8, 8),
(9, 9),
(10, 10),
(11, 11),
(12, 12),
(13, 13),
(14, 14),
(15, 15),
(16, 16),
(17, 17),
(18, 18),
(19, 19),
(20, 20);

-- Data for Orders table
INSERT INTO Orders (staff_id, user_id, phone, create_day, order_day, total_price, image, status) VALUES
(1, 1, '0123456789', GETDATE(), GETDATE(), 100.0, 'image1.jpg', 1),
(2, 2, '0123456789', GETDATE(), GETDATE(), 200.0, 'image2.jpg', 1),
(3, 3, '0123456789', GETDATE(), GETDATE(), 150.0, 'image3.jpg', 1),
(4, 4, '0123456789', GETDATE(), GETDATE(), 300.0, 'image4.jpg', 1),
(5, 5, '0123456789', GETDATE(), GETDATE(), 250.0, 'image5.jpg', 1),
(6, 6, '0123456789', GETDATE(), GETDATE(), 400.0, 'image6.jpg', 1),
(7, 7, '0123456789', GETDATE(), GETDATE(), 350.0, 'image7.jpg', 1),
(8, 8, '0123456789', GETDATE(), GETDATE(), 450.0, 'image8.jpg', 1),
(9, 9, '0123456789', GETDATE(), GETDATE(), 500.0, 'image9.jpg', 1),
(10, 10, '0123456789', GETDATE(), GETDATE(), 600.0, 'image10.jpg', 1),
(11, 11, '0123456789', GETDATE(), GETDATE(), 700.0, 'image11.jpg', 1),
(12, 12, '0123456789', GETDATE(), GETDATE(), 800.0, 'image12.jpg', 1),
(13, 13, '0123456789', GETDATE(), GETDATE(), 900.0, 'image13.jpg', 1),
(14, 14, '0123456789', GETDATE(), GETDATE(), 1000.0, 'image14.jpg', 1),
(15, 15, '0123456789', GETDATE(), GETDATE(), 1100.0, 'image15.jpg', 1),
(16, 16, '0123456789', GETDATE(), GETDATE(), 1200.0, 'image16.jpg', 1),
(17, 17, '0123456789', GETDATE(), GETDATE(), 1300.0, 'image17.jpg', 1),
(18, 18, '0123456789', GETDATE(), GETDATE(), 1400.0, 'image18.jpg', 1),
(19, 19, '0123456789', GETDATE(), GETDATE(), 1500.0, 'image19.jpg', 1),
(20, 20, '0123456789', GETDATE(), GETDATE(), 1600.0, 'image20.jpg', 1);

-- Data for Steps table
INSERT INTO Steps (lab_id, description) VALUES
(1, 'Step Description 1'),
(2, 'Step Description 2'),
(3, 'Step Description 3'),
(4, 'Step Description 4'),
(5, 'Step Description 5'),
(6, 'Step Description 6'),
(7, 'Step Description 7'),
(8, 'Step Description 8'),
(9, 'Step Description 9'),
(10, 'Step Description 10'),
(11, 'Step Description 11'),
(12, 'Step Description 12'),
(13, 'Step Description 13'),
(14, 'Step Description 14'),
(15, 'Step Description 15'),
(16, 'Step Description 16'),
(17, 'Step Description 17'),
(18, 'Step Description 18'),
(19, 'Step Description 19'),
(20, 'Step Description 20');

-- Data for User_Labs table
INSERT INTO User_Labs (user_id, lab_id) VALUES
(1, 1),
(2, 2),
(3, 3),
(4, 4),
(5, 5),
(6, 6),
(7, 7),
(8, 8),
(9, 9),
(10, 10),
(11, 11),
(12, 12),
(13, 13),
(14, 14),
(15, 15),
(16, 16),
(17, 17),
(18, 18),
(19, 19),
(20, 20);

-- Data for Kit_Orders table
INSERT INTO Kit_Orders (order_id, kit_id, quantity, price) VALUES
(1, 1, 2, 50.0),
(2, 2, 3, 100.0),
(3, 3, 1, 75.0),
(4, 4, 5, 200.0),
(5, 5, 2, 150.0),
(6, 6, 4, 300.0),
(7, 7, 3, 250.0),
(8, 8, 1, 400.0),
(9, 9, 2, 350.0),
(10, 10, 1, 450.0),
(11, 11, 3, 500.0),
(12, 12, 2, 600.0),
(13, 13, 4, 700.0),
(14, 14, 1, 800.0),
(15, 15, 5, 900.0),
(16, 16, 2, 1000.0),
(17, 17, 3, 1100.0),
(18, 18, 1, 1200.0),
(19, 19, 2, 1300.0),
(20, 20, 5, 1400.0);

-- Data for Help_Histories table
INSERT INTO Help_Histories (user_lab_id, step_id) VALUES
(1, 1),
(2, 2),
(3, 3),
(4, 4),
(5, 5),
(6, 6),
(7, 7),
(8, 8),
(9, 9),
(10, 10),
(11, 11),
(12, 12),
(13, 13),
(14, 14),
(15, 15),
(16, 16),
(17, 17),
(18, 18),
(19, 19),
(20, 20);